timestamp,open,high,low,close,volume
2020-06-18,10.2200,10.9900,9.3100,9.3300,6154328
2020-06-12,10.8100,11.6202,9.9700,10.7500,9317728
2020-06-05,8.4000,10.9400,8.2400,10.3700,11021757
2020-05-29,9.7000,9.9900,7.8900,8.0100,21671748
2020-05-22,9.1100,9.7400,8.1500,9.5100,8350832
2020-05-15,7.9800,9.4300,7.5600,8.4000,10539899
2020-05-08,6.6700,8.4300,6.5000,8.1000,7357283
2020-05-01,6.2100,7.8000,5.6600,6.6300,8480694
2020-04-24,7.1200,7.6200,6.0000,6.1000,7390747
2020-04-17,7.1000,7.7800,6.5900,7.3300,6299303
2020-04-09,7.5600,7.8200,6.7800,7.0900,4288914
2020-04-03,7.0400,7.4200,6.4500,7.3400,4027440
2020-03-27,6.7700,8.1920,6.2700,6.7400,4775565
2020-03-20,7.7200,8.5900,5.8500,6.8100,9465097
2020-03-13,11.1000,11.4800,8.4500,9.2100,6444200
2020-03-06,12.6600,13.6000,12.1800,12.2200,3773417
2020-02-28,14.0300,14.2400,12.0800,12.6400,5085345
2020-02-21,13.6700,14.5400,13.5100,14.4900,3687240
2020-02-14,14.9800,15.2100,13.4300,13.7900,5008389
2020-02-07,14.5000,15.8000,14.4700,14.9800,5594442
2020-01-31,13.5000,14.9600,13.2411,14.3500,3839678
2020-01-24,15.6800,15.9000,13.9400,13.9900,4233720
2020-01-17,16.3700,16.4843,14.6135,15.6000,7419306
2020-01-10,15.5100,16.8900,15.4000,16.3700,5102466
2020-01-03,16.4200,16.7600,15.3800,15.8000,5615524
2019-12-27,15.0800,17.7000,15.0450,16.4200,8986269
2019-12-20,14.9000,15.6599,13.8560,15.0000,10502846
2019-12-13,14.0400,15.0500,13.0700,14.7500,6976623
2019-12-06,13.3400,13.9700,12.4600,13.8000,5941645
2019-11-29,12.8000,13.9400,12.4000,13.3600,5529617
2019-11-22,11.5000,13.1555,11.1608,12.7400,4936770
2019-11-15,12.3000,13.0300,10.9600,11.5800,5392123
2019-11-08,12.0000,13.0600,11.8733,12.4100,4906605
2019-11-01,12.4700,13.2100,10.7600,11.7900,9051193
2019-10-25,12.6100,13.2600,12.2500,12.7300,6768798
2019-10-18,12.9400,13.3800,12.2800,12.5100,4097491
2019-10-11,13.4500,13.9900,12.4301,13.0600,5923944
2019-10-04,13.1800,13.5200,12.1400,13.5100,6274375
2019-09-27,11.7800,13.2000,11.2800,13.0700,6803127
2019-09-20,10.9900,12.7300,10.6000,11.9000,8868010
2019-09-13,11.9300,12.4700,11.0100,11.1300,8446450
2019-09-06,11.7600,12.2700,9.5300,11.7300,20398083
2019-08-30,14.8900,15.0990,10.8200,10.8400,16766898
2019-08-23,17.1800,17.3344,14.5800,14.6900,13462515
2019-08-16,19.3100,19.3600,15.1700,17.7400,51310010
2019-08-09,33.1300,38.6900,33.0100,38.1700,5580716
2019-08-02,37.4200,38.8100,33.8600,35.0200,4800965
2019-07-26,34.8000,37.8500,32.7400,37.4200,5027290
2019-07-19,37.9900,37.9900,34.3000,34.9000,4743354
2019-07-12,36.4900,39.2200,35.8200,37.8600,4135825
2019-07-05,36.0300,37.7300,35.3100,36.4000,3629173
2019-06-28,34.1900,35.5800,32.9100,35.5000,4958934
2019-06-21,33.3400,34.4400,32.2100,34.1300,5211101
2019-06-14,27.5900,34.6800,27.5400,32.9000,13130292
2019-06-07,25.9800,28.2500,24.3100,27.4100,6069313
2019-05-31,26.6000,27.0100,24.0500,25.6100,19593498
2019-05-24,24.2500,26.7200,23.1900,26.6000,7341439
2019-05-17,23.8000,26.0200,22.8000,24.4300,6134736
2019-05-10,23.5400,26.3500,23.0900,24.7200,5477259
2019-05-03,20.9900,24.7600,20.7700,24.4900,5981806
2019-04-26,24.0400,25.0900,18.6200,21.0100,13462010
2019-04-18,25.7100,27.4200,23.5000,24.0400,5594001
2019-04-12,24.8800,25.8400,23.4300,25.6100,4891154
2019-04-05,25.9800,26.2200,23.9000,24.9700,3484815
2019-03-29,25.8800,27.7100,23.2200,25.5200,8351717
2019-03-22,28.5500,30.4595,25.6700,25.8400,4666985
2019-03-15,26.8600,28.9600,26.7801,28.3200,4053584
2019-03-08,29.0100,29.3800,25.1000,26.4800,6363017
2019-03-01,34.2800,34.5600,28.9600,29.0600,3829267
2019-02-22,34.4400,34.4400,31.8600,33.6700,4599926
2019-02-15,35.7600,37.6300,34.5900,34.7800,3615051
2019-02-08,35.9800,37.7800,34.2400,35.9900,5086824
2019-02-01,33.7700,36.7100,33.7700,36.1800,3109138
2019-01-25,32.9300,34.8100,32.0266,34.3400,3044214
2019-01-18,32.1500,33.7300,30.9500,33.2100,3299053
2019-01-11,30.5500,34.0000,30.0725,32.4900,5133879
2019-01-04,27.0900,30.7900,26.6500,30.7000,3262227
2018-12-28,24.5000,27.5700,23.6750,26.9200,2169497
2018-12-21,27.4300,27.5300,24.7350,24.9700,3647489
2018-12-14,27.7500,29.1100,26.5300,27.5300,3449891
2018-12-07,28.0000,29.2400,26.0000,27.7400,4617906
2018-11-30,26.6600,27.8100,24.0800,27.5600,3819020
2018-11-23,26.8500,26.8600,24.6000,26.5400,2642148
2018-11-16,25.0000,27.2500,23.1250,26.8600,3667187
2018-11-09,26.7000,27.4000,24.7900,25.2600,2946030
2018-11-02,23.4800,27.2800,21.7800,26.8200,7724478
2018-10-26,23.2800,24.0100,21.8000,22.9700,5136200
2018-10-19,24.6700,26.1000,22.2000,22.8900,4476269
2018-10-12,24.7800,25.1000,20.5000,24.6100,6678248
2018-10-05,25.8000,29.7000,24.0200,24.1800,6702789
2018-09-28,29.5500,31.8400,24.3600,25.4300,9010746
2018-09-21,21.5000,30.1000,21.5000,29.7600,13050262
2018-09-14,23.6500,24.0500,20.6500,21.4000,5416076
2018-09-07,21.5500,25.1600,19.3025,23.6900,12701663
2018-08-31,26.5300,26.8400,18.3000,22.5000,17024929
2018-08-24,29.3500,29.9000,25.8400,26.4000,4823542
2018-08-17,31.4700,32.7300,27.7500,29.2900,6368622
2018-08-10,37.2100,37.6200,31.2900,31.9600,4018266
2018-08-03,36.4600,37.6800,35.3200,37.3600,2639780
2018-07-27,35.3800,37.7000,34.8400,36.4500,2996284
2018-07-20,34.8700,36.2600,33.6800,35.6200,3334327
2018-07-13,36.3100,37.5900,34.2100,34.7200,3306016
2018-07-06,32.5900,36.5400,31.2000,36.1400,3780004
2018-06-29,40.2400,40.2400,32.0100,32.9800,5708995
2018-06-22,39.6800,42.8400,36.2300,40.4700,9252550
2018-06-15,50.0400,52.4900,39.6500,40.0400,5474058
2018-06-08,43.0000,50.9900,42.6400,49.9800,4677234
2018-06-01,42.9300,43.5400,40.7300,42.2300,2074492
2018-05-25,46.9700,47.4760,42.3100,43.6600,2473866
2018-05-18,45.9400,48.1000,44.0200,46.6000,7669707
2018-05-11,52.2300,53.7650,45.5100,47.9900,6584767
2018-05-04,62.1100,64.3342,51.4800,52.3000,3986224
2018-04-27,64.3200,66.1000,58.3700,62.1200,2454635
2018-04-20,65.6200,67.7100,63.7500,64.7300,1045546
2018-04-13,66.7200,67.8400,65.4300,65.4700,936372
2018-04-06,65.3300,67.3750,62.5200,66.4600,973857
2018-03-29,65.8200,68.7000,63.0800,65.7600,891867
2018-03-23,65.1600,66.2700,62.5000,63.4000,1695220
2018-03-16,64.5200,67.6000,64.5200,65.3100,1824227
2018-03-09,60.9900,64.3300,60.5700,63.6200,1587364
2018-03-02,64.9900,66.1700,59.7900,61.2000,2228066
2018-02-23,66.3000,68.3800,64.4600,64.7700,1344725
2018-02-16,60.1600,68.8600,60.1600,67.0200,2535343
2018-02-09,62.2400,66.0700,56.8600,58.9500,3317600
2018-02-02,65.6100,70.8100,62.6600,63.6500,2315791
2018-01-26,71.8500,72.3100,65.6500,65.9900,2025083
2018-01-19,72.3400,73.4500,71.3800,72.0600,1152939
2018-01-12,68.4600,70.9200,66.5000,70.5000,1637489
2018-01-05,66.6000,70.1550,66.0000,68.7500,1366156
2017-12-29,65.4600,66.4800,64.5500,65.8500,1270223
2017-12-22,65.7300,67.2000,64.1500,65.4700,2300210
2017-12-15,64.5500,66.5000,63.6400,65.3300,2755112
2017-12-08,58.9000,65.4700,57.8100,64.9800,3398422
2017-12-01,57.4000,59.0000,54.8200,58.2400,3169003
2017-11-24,54.3500,57.5000,53.1420,56.9000,1153158
2017-11-17,52.0000,55.2400,49.4700,54.2500,2602615
2017-11-10,52.7700,55.8500,51.7500,52.4800,1649383
2017-11-03,55.0500,55.4300,51.5000,52.6300,1828876
2017-10-27,55.2800,58.6100,54.7000,55.0000,2322558
2017-10-20,54.7700,54.9200,53.0000,53.9700,2289494
2017-10-13,53.4600,54.8100,52.2100,54.6600,2241889
2017-10-06,51.5400,54.1000,51.0800,53.4700,3913440
2017-09-29,49.1400,52.4000,48.4010,51.5400,8993110
2017-09-22,46.0100,49.7700,45.4900,49.4900,1999116
2017-09-15,46.3600,47.0200,44.6003,45.9200,1427992
2017-09-08,46.0000,48.0000,45.1700,46.2900,1260574
2017-09-01,45.4500,46.4000,44.1700,46.0200,1020828
2017-08-25,42.4900,46.0000,42.0000,45.2000,1713050
2017-08-18,40.4700,43.2100,39.9800,42.4400,3119717
2017-08-11,37.0400,38.4200,36.1400,37.9600,1691262
2017-08-04,37.5000,37.6030,36.0901,37.0500,1628683
2017-07-28,38.6300,38.9999,37.2800,37.4850,1689149
2017-07-21,40.6500,40.9100,37.0211,38.7500,2842930
2017-07-14,41.5800,42.8700,40.4100,40.9100,1800272
2017-07-07,42.7900,44.2000,41.2500,41.5700,1317634
2017-06-30,41.2000,42.9500,40.6088,42.6400,1969417
2017-06-23,41.9800,43.7500,37.9400,40.9100,3740013
2017-06-16,43.0400,43.0550,41.2600,42.1000,2922159
2017-06-09,46.2500,47.3400,42.6600,43.1700,1706507
2017-06-02,44.8000,46.4100,43.7600,46.2000,1156773
2017-05-26,42.8000,44.8300,41.9600,44.5000,1257039
2017-05-19,42.1800,43.9250,40.8910,42.8200,2408890
2017-05-12,41.5000,43.8700,41.1800,42.0400,1518209
2017-05-05,39.0600,42.0300,39.0600,41.6300,1246375
2017-04-28,39.4900,40.2300,38.9700,39.0700,1556421
2017-04-21,39.1400,39.8900,38.6900,39.1300,1416869
2017-04-13,39.3100,39.6900,38.5500,38.7800,875273
2017-04-07,38.0900,40.4100,38.0900,39.5300,2205703
2017-03-31,38.8500,39.1999,37.4500,37.8600,2623291
2017-03-24,35.4000,39.0900,35.4000,39.0100,2915134
2017-03-17,33.8900,35.8900,33.6700,35.2000,2011329
2017-03-10,33.4800,33.9400,32.0700,33.8500,1590402
2017-03-03,32.4000,33.7100,31.1300,33.6200,1647088
2017-02-24,34.7100,35.1000,32.3200,32.5700,1095390
2017-02-17,35.7900,35.8000,33.8300,34.6200,1761506
2017-02-10,32.2200,35.7700,32.1900,35.6700,2186269
2017-02-03,30.9200,32.6200,30.6100,32.3600,1639532
2017-01-27,32.6500,34.1200,31.0611,31.3400,2448680
2017-01-20,31.2000,32.6500,31.0300,32.6400,2570204
2017-01-13,29.5400,31.7000,29.2200,31.5500,3883218
2017-01-06,27.5000,29.8200,27.5000,29.6100,2274927
2016-12-30,25.0500,27.3500,24.9000,26.9200,1487996
2016-12-23,24.6500,26.0200,23.2300,25.3200,2675793
2016-12-16,25.3700,26.6450,24.4000,24.5700,2535275
2016-12-09,26.3200,27.2716,24.9700,25.3600,1667893
2016-12-02,28.5000,29.0000,25.9100,26.4400,1534492
2016-11-25,28.5600,29.5778,28.3700,28.6900,758526
2016-11-18,27.8600,29.0000,26.8100,28.3400,1485214
2016-11-11,30.1000,31.0200,27.0100,28.1200,1837618
2016-11-04,31.4600,31.5300,28.6600,29.5200,1138858
2016-10-28,31.8800,32.0155,30.9100,31.2900,650436
2016-10-21,31.5500,32.3000,31.2800,31.6200,1374467
2016-10-14,31.6900,32.2000,31.2000,31.6200,793236
2016-10-07,31.1400,32.7400,30.6500,31.5200,1334308
2016-09-30,30.0900,31.2400,29.5003,31.1100,1111616
2016-09-23,28.6400,30.5750,28.4500,30.3100,1430421
2016-09-16,28.7000,29.8500,28.0700,28.4600,974624
2016-09-09,30.7600,31.3000,29.0200,29.0400,756937
2016-09-02,30.7400,31.7500,29.4100,30.5500,1023708
2016-08-26,29.3100,31.1600,28.8600,30.2000,971313
2016-08-19,28.0600,29.3800,28.0400,29.1400,843611
2016-08-12,29.5000,30.0400,28.7600,28.8200,1096381
2016-08-05,29.6200,29.9000,28.5000,29.3700,1355956
2016-07-29,30.5500,31.0000,29.4800,29.6800,871262
2016-07-22,31.6700,32.6300,30.3000,30.5100,1003359
2016-07-15,31.0800,33.0800,30.7900,31.6700,1385985
2016-07-08,31.0000,31.2992,30.1900,30.8800,1082330
2016-07-01,29.2100,31.2000,28.1600,30.9300,2516133
2016-06-24,31.5000,32.0500,29.1500,29.7100,2460927
2016-06-17,29.6100,31.6100,29.6100,31.1900,2514393
2016-06-10,28.6900,30.0600,28.6600,29.7600,1583709
2016-06-03,28.2300,28.9900,27.6800,28.7500,977949
2016-05-27,27.0100,28.0300,26.6800,28.0300,789147
2016-05-20,28.1300,28.4800,25.7600,27.1000,1633687
2016-05-13,28.1300,29.4000,27.9222,28.0300,1135365
2016-05-06,28.4200,29.7000,27.7700,28.2100,1682108
2016-04-29,29.6900,30.1950,28.4700,28.4700,1844063
2016-04-22,29.0000,31.4000,28.7500,29.6800,2767512
2016-04-15,26.6000,29.6000,25.9300,29.3500,2048079
2016-04-08,27.7900,27.8500,25.3400,26.6000,1555419
2016-04-01,28.8000,29.0600,27.6401,28.0200,1117935
2016-03-24,29.4400,30.0000,28.5300,28.8000,704770
2016-03-18,29.1000,29.6600,28.4200,29.4700,1343827
2016-03-11,28.5100,29.3299,27.6250,29.1500,1629619
2016-03-04,30.2800,30.9150,28.5000,28.7900,2542350
2016-02-26,28.8000,30.6850,27.6325,29.7900,2051489
2016-02-19,27.8500,28.9600,27.3313,28.2200,1765999
2016-02-12,27.5000,28.5200,26.2700,27.1900,1060165
2016-02-05,27.0700,28.1500,26.2000,27.8500,2008030
2016-01-29,25.9600,27.4000,25.3000,27.2900,1407868
2016-01-22,24.6000,25.9800,22.7700,25.9400,1511485
2016-01-15,24.7300,26.7500,23.7900,24.5200,1525484
2016-01-08,26.6000,26.9200,24.5500,24.7300,922919
2015-12-31,25.8600,27.2100,24.8200,27.0800,1467247
2015-12-24,24.4400,26.2500,23.9000,25.6500,1160271
2015-12-18,24.6900,26.9300,23.1400,24.4100,2670412
2015-12-11,24.4200,25.4000,23.2000,24.8100,1775289
2015-12-04,25.0000,25.5300,23.6600,24.3700,1697750
2015-11-27,29.2500,29.2500,23.7600,24.6200,3695105
2015-11-20,26.2500,29.0000,25.9250,28.4200,4615027
2015-11-13,25.5100,27.1000,25.2450,26.0800,2583053
2015-11-06,26.8100,27.5900,24.3100,25.7400,2901943
2015-10-30,25.0000,27.9800,23.0978,26.7500,5667499
2015-10-23,20.8900,21.4700,20.4900,21.3000,2171694
2015-10-16,19.7800,21.2135,19.4700,21.0600,1978432
2015-10-09,17.6700,20.0500,17.6700,19.7100,1567445
2015-10-02,17.7100,18.4800,16.6200,17.5700,1751632
2015-09-25,19.3300,19.4900,17.1500,17.9900,2170014
2015-09-18,20.4500,20.7400,18.7200,19.2400,1312277
2015-09-11,19.4100,20.8400,19.4100,20.5000,832732
2015-09-04,19.3700,19.4300,18.2312,19.2800,1101065
2015-08-28,17.1700,19.9000,15.3000,19.5600,2037085
2015-08-21,20.6400,21.1900,17.3100,18.2500,1965995
2015-08-14,21.5800,22.2200,20.2800,20.7600,3416554
2015-08-07,18.7500,21.4000,18.5700,21.0700,2863843
2015-07-31,18.4600,19.4300,18.0000,18.7900,2031688
2015-07-24,21.6000,21.6000,18.5700,18.5800,1539830
2015-07-17,19.8900,22.0000,19.7400,21.2800,1734740
2015-07-10,18.5300,19.9000,18.3962,19.7700,1301213
2015-07-02,19.0000,19.3400,18.1900,18.7000,2260103
2015-06-26,18.5700,20.0000,18.5700,19.3900,1846883
2015-06-19,20.9700,21.0000,17.8400,18.5700,3543095
2015-06-12,22.0900,22.2500,20.7500,21.0100,1224500
2015-06-05,20.0600,22.6500,19.5900,22.0800,2869062
2015-05-29,21.2400,21.3200,19.9400,20.0300,1442797
2015-05-22,22.0800,22.6300,21.1700,21.5200,1649986
2015-05-15,20.9000,22.3300,20.9000,22.0000,1934907
2015-05-08,21.9100,22.6950,20.2200,21.1400,2317286
2015-05-01,23.2800,23.7000,21.5600,21.7200,1283010
2015-04-24,22.2800,23.6200,21.5100,23.2100,1959452
2015-04-17,23.4900,23.7150,21.4410,21.9900,2180941
2015-04-10,23.7700,24.1000,22.8300,23.5400,2197945
2015-04-02,23.6700,24.6200,22.3600,23.7400,1752301
2015-03-27,25.6900,25.7800,23.2200,23.5000,2624990
2015-03-20,23.4200,26.1300,23.4200,25.6900,5172906
2015-03-13,22.5700,23.6900,22.1000,23.1400,3341865
2015-03-06,20.9600,22.7700,20.5900,22.2300,3059115
2015-02-27,20.5600,22.3600,20.1200,20.7100,3298230
2015-02-20,18.9800,20.5900,18.6200,20.5050,2159290
2015-02-13,17.1300,19.1000,17.0300,18.9800,1985524
2015-02-06,16.5200,17.3800,16.3383,17.0800,1289544
2015-01-30,16.1600,17.0000,16.1300,16.3600,913663
2015-01-23,17.1100,17.1900,16.0100,16.0500,2077186
2015-01-16,15.7900,16.9000,15.6100,16.8800,2283294
2015-01-09,15.5000,15.9500,14.9900,15.8900,1183132
2015-01-02,16.1200,16.4000,15.5000,15.5700,999739
2014-12-26,15.6500,16.4000,15.6216,16.0500,692898
2014-12-19,15.1200,15.5300,13.8100,15.4400,1771323
2014-12-12,16.5600,16.5700,14.7500,15.0500,2572663
2014-12-05,15.8700,16.6600,15.0600,16.5600,2065903
2014-11-28,15.9900,16.4900,15.5800,16.0100,1218463
2014-11-21,14.9500,16.4700,14.9000,15.9100,1630614
2014-11-14,15.1100,15.6200,14.7200,15.0600,1208956
2014-11-07,14.5800,15.9000,14.2700,15.0700,2438653
2014-10-31,13.4600,15.0450,13.1400,14.7000,1959501
2014-10-24,12.4000,13.9700,12.4000,13.7500,2047373
2014-10-17,11.5500,12.8400,10.3300,12.5900,3295953
2014-10-10,12.5300,12.6500,11.2300,11.6300,2474542
2014-10-03,13.9200,14.3100,12.2600,12.3800,3520900
2014-09-26,14.1500,14.6000,13.5100,14.2200,1521003
2014-09-19,14.6900,15.1700,14.1100,14.2400,2221179
2014-09-12,13.6100,14.9500,13.1800,14.7400,3220393
2014-09-05,12.7200,13.8200,12.4200,13.6600,2569640
2014-08-29,12.6500,13.2800,12.3100,12.6800,2727237
2014-08-22,12.7900,13.4300,12.1800,12.7600,2695991
2014-08-15,14.5400,14.6400,12.2300,12.9200,4176499
2014-08-08,15.2600,15.8100,13.5000,14.5500,4876080
2014-08-01,14.7500,18.5000,13.6400,15.6100,8740783
2014-07-25,16.9000,17.0000,14.6700,14.7800,5106057
2014-07-18,17.2600,17.3489,15.4500,16.9200,3814099
2014-07-11,15.4200,17.2900,15.0300,17.0200,3421857
2014-07-03,14.4000,15.6500,13.9000,15.5100,2086434
2014-06-27,14.5900,15.3000,14.0000,14.4800,4808677
2014-06-20,13.8300,14.5200,12.0500,14.3500,7045643
2014-06-13,14.6200,15.3295,13.2600,13.8200,4487411
2014-06-06,13.4800,15.1200,13.1700,14.5100,2908413
2014-05-30,12.8400,13.6000,12.0000,13.5800,3059891
2014-05-23,12.5700,12.9700,12.3510,12.6400,973125
2014-05-16,13.7900,13.8300,12.3100,12.5100,2343569
2014-05-09,13.8400,14.2500,12.9600,13.5500,1784089
2014-05-02,13.3000,13.9700,13.0000,13.8600,1507184
2014-04-25,13.1200,14.3500,12.9300,13.3000,2669808
2014-04-17,13.1700,13.5100,12.4000,13.0100,1629605
2014-04-11,13.0300,13.9900,12.8500,13.1500,2883933
2014-04-04,11.9900,13.7950,11.9900,13.0100,3329370
2014-03-28,11.1700,12.2500,10.9600,11.9000,2884423
2014-03-21,10.0900,11.1900,9.9700,11.1500,1926204
2014-03-14,10.5500,10.5800,9.4200,9.9400,1276025
2014-03-07,10.2300,10.8400,9.8600,10.5400,1486916
2014-02-28,9.5700,10.3100,9.3000,10.1700,1520460
2014-02-21,9.8800,10.2000,9.3000,9.5900,1575795
2014-02-14,8.0300,10.0200,7.7700,9.9700,3109304
2014-02-07,7.9200,8.1300,7.3000,8.0000,1897074
2014-01-31,8.1500,9.2000,7.6500,7.9500,2686180
2014-01-24,9.6400,10.2100,8.0200,8.1500,2879408
2014-01-17,9.5300,9.6700,9.0000,9.2700,1584864
2014-01-10,9.9800,10.1200,9.5000,9.5300,1355468
2014-01-03,10.9400,11.0950,9.8810,9.9900,1248659
2013-12-27,10.7300,11.2500,10.3200,10.8600,1415549
2013-12-20,11.2200,11.9901,10.9100,10.9600,2579775
2013-12-13,11.5200,11.7000,10.8100,11.0100,2444641
2013-12-06,12.5100,12.8500,11.2900,11.5200,2700246
2013-11-29,11.2000,13.0500,11.1500,12.6000,4217663
2013-11-22,10.5400,11.2000,9.6400,11.1400,2474903
2013-11-15,9.5200,10.9500,9.4400,10.4800,2388544
2013-11-08,9.4400,10.5000,9.3200,9.6700,2483368
2013-11-01,10.7500,10.9372,9.2500,9.4200,3805570
2013-10-25,11.0900,11.6700,10.4301,10.7900,5073931
2013-10-18,10.6600,11.4900,10.1800,10.9800,4108087
2013-10-11,9.0400,10.6900,9.0025,10.6800,3514646
2013-10-04,9.6700,9.8100,8.8600,9.1500,3409215
2013-09-27,9.1300,9.9300,8.9800,9.6900,4631565
2013-09-20,8.4000,9.1800,8.1400,9.0500,3060514
2013-09-13,7.6600,8.7900,7.3500,8.3100,4503007
2013-09-06,6.9400,7.8260,6.6800,7.5400,1797464
2013-08-30,6.9600,7.1100,6.4300,6.7800,2272346
2013-08-23,6.7700,7.5000,6.5100,6.9900,2117526
2013-08-16,5.7500,6.9830,5.7500,6.7100,2924077
2013-08-09,5.5700,5.7900,5.3700,5.7900,564692
2013-08-02,5.6200,5.8000,5.3400,5.6400,525954
2013-07-26,5.3700,5.6900,5.3000,5.5900,309465
2013-07-19,5.1500,5.5200,4.9600,5.3800,513616
2013-07-12,5.4300,5.4999,5.2200,5.2200,240351
2013-07-05,5.1500,5.5500,5.1300,5.4000,305574
2013-06-28,5.3000,5.3000,4.9823,5.1300,346937
2013-06-21,5.4500,5.5300,5.1600,5.3800,267797
2013-06-14,5.7500,5.7700,5.4000,5.4600,215315
2013-06-07,5.4800,5.7600,5.4800,5.7600,231860
2013-05-31,5.6900,5.6900,5.4000,5.5300,542342
2013-05-24,5.6000,5.7400,5.5100,5.6200,417377
2013-05-17,5.5000,5.7464,5.4000,5.6000,391319
2013-05-10,5.6800,5.8500,5.4500,5.4700,334877
2013-05-03,5.7200,5.8200,5.4600,5.6600,277143
2013-04-26,5.3300,5.8500,5.2900,5.6700,230819
2013-04-19,5.4100,5.7700,5.1100,5.3500,281362
2013-04-12,5.5900,6.0000,5.5200,5.5200,666488
2013-04-05,5.4600,5.6599,5.0800,5.5300,354559
2013-03-28,5.7700,5.7700,5.3001,5.5000,149420
2013-03-22,5.8500,5.9200,5.4510,5.7500,723522
2013-03-15,5.7600,6.0200,5.5600,6.0200,958277
2013-03-08,5.5100,5.9900,5.5100,5.8300,454356
2013-03-01,5.7950,5.8700,5.1500,5.5700,640101
2013-02-22,5.8700,5.9100,5.4100,5.7900,677217
2013-02-15,5.9600,6.1000,5.7630,5.8600,256259
2013-02-08,6.4800,6.4800,5.7200,5.8900,731786
2013-02-01,6.5900,6.6800,6.2700,6.5400,742476
2013-01-25,6.5000,6.9800,6.5000,6.5500,382302
2013-01-18,6.6300,6.7100,6.3300,6.5100,359987
2013-01-11,6.8300,7.0000,6.2300,6.6800,560019
2013-01-04,6.5000,7.2600,6.4000,6.9000,635122
2012-12-28,6.3000,6.8700,6.2100,6.4700,275347
2012-12-21,6.6100,6.7800,6.0900,6.2400,1044811
2012-12-14,6.0100,6.9600,5.9400,6.5500,1816654
2012-12-07,5.3100,6.0500,5.0500,6.0400,1047642
2012-11-30,4.7400,5.4700,4.6700,5.3500,755038
2012-11-23,4.7900,4.9900,4.6300,4.6800,587074
2012-11-16,4.8700,4.9700,4.5400,4.6400,549073
2012-11-09,4.8900,5.0000,4.5900,4.8800,605117
2012-11-02,5.2200,5.2200,4.8800,4.9500,303644
2012-10-26,5.5500,5.8500,5.2200,5.3000,596475
2012-10-19,5.6800,6.0498,5.5900,5.6000,352311
2012-10-12,5.9300,5.9800,5.4900,5.7000,177728
2012-10-05,5.9000,6.1200,5.5300,5.9200,286609
2012-09-28,6.2600,6.4600,5.5600,5.7900,809143
2012-09-21,5.7700,6.0100,5.0600,5.9000,559022
2012-09-14,4.9600,6.1600,4.7000,5.7600,857771
2012-09-07,4.8300,5.1500,4.7200,4.9500,337120
2012-08-31,4.9300,5.0000,4.7200,4.8900,291721
2012-08-24,5.1300,5.1300,4.8100,4.9200,472004
2012-08-17,5.0000,5.1700,4.7100,5.0000,661609
2012-08-10,4.9000,5.1900,4.5400,5.0300,493295
2012-08-03,4.6700,4.8800,4.4600,4.7100,293245
2012-07-27,4.2801,4.7500,4.2600,4.6200,553336
2012-07-20,4.5100,4.9400,4.3600,4.4700,442036
2012-07-13,4.3600,4.5400,4.2000,4.4900,1082775
2012-07-06,4.6600,4.7900,4.2800,4.3200,1251007
2012-06-29,4.5000,4.7200,4.3700,4.6500,546165
2012-06-22,4.5400,4.8500,4.1800,4.5600,857827
2012-06-15,4.4300,5.1300,4.1400,4.6000,839858
2012-06-08,4.4700,4.7900,4.3200,4.3700,1061052
2012-06-01,5.0000,5.1500,4.4300,4.5000,728200
2012-05-25,4.6400,5.0100,4.5600,4.9500,570371
2012-05-18,5.1600,5.3300,4.6100,4.6400,1171617
2012-05-11,5.3100,5.9200,5.1400,5.2100,1289138
2012-05-04,5.5100,5.9191,5.1300,5.2600,905092
2012-04-27,5.6000,5.9000,5.3901,5.5900,854083
2012-04-20,5.9600,6.1300,5.2000,5.5900,2187370
2012-04-13,5.8500,6.3400,5.7300,5.9650,1118027
2012-04-05,6.4200,6.4300,5.7600,5.8800,1081865
2012-03-30,6.7300,6.7620,6.0000,6.4300,1727912
2012-03-23,7.1200,7.1900,6.5400,6.6600,1290121
2012-03-16,6.7600,7.1300,6.6100,7.1200,1146687
2012-03-09,7.1600,7.1800,6.6500,6.7700,1416085
2012-03-02,6.9400,7.4100,6.6800,7.2200,1940792
2012-02-24,7.6900,8.0700,7.0800,7.1200,1189045
2012-02-17,7.0900,7.6700,6.7800,7.6000,2218463
2012-02-10,7.5300,7.6800,6.8500,6.9900,2314819
2012-02-03,7.5100,7.9300,7.2600,7.5800,1425836
2012-01-27,7.9000,8.5090,7.3100,7.7400,2384844
2012-01-20,7.3600,8.1300,7.1400,7.9000,1752558
2012-01-13,7.6400,7.8100,7.1400,7.2000,1814257
2012-01-06,6.1400,7.8600,6.1100,7.6100,3851712
2011-12-30,6.0200,6.0600,5.6000,5.9300,3859606
2011-12-23,6.3100,6.3400,5.9200,6.0000,3764122
2011-12-16,6.6900,6.9000,6.0300,6.2500,1831220
2011-12-09,7.1900,7.2200,6.5000,6.7200,1463835
2011-12-02,6.9000,7.3400,6.6000,7.0300,2106047
2011-11-25,6.9200,6.9800,6.6200,6.7000,1194060
2011-11-18,7.9000,7.9200,6.9100,7.0100,1818335
2011-11-11,7.9800,8.4500,7.7900,8.0000,1432935
2011-11-04,9.3300,9.5700,7.6000,8.0800,3031386
2011-10-28,9.6900,10.2500,9.1100,9.5500,2005149
2011-10-21,9.7600,9.8500,8.4500,9.6100,1698488
2011-10-14,8.2400,9.8800,8.0600,9.8500,1555925
2011-10-07,8.1800,8.4500,7.1800,8.0400,1959043
2011-09-30,8.8100,9.2300,8.1600,8.2800,774680
2011-09-23,10.0000,10.1300,8.3500,8.6500,795521
2011-09-16,10.0600,10.5200,9.7800,10.1700,851900
2011-09-09,10.5700,11.2600,10.1300,10.2100,1583352
2011-09-02,11.9100,12.1500,11.1000,11.2000,801627
2011-08-26,11.9700,12.4500,11.1600,11.6900,1126009
2011-08-19,12.9400,13.0600,11.6500,11.7900,1550567
2011-08-12,12.5800,13.0300,11.2500,12.9900,1939117
2011-08-05,14.5200,14.6600,12.4600,13.0300,1175288
2011-07-29,14.5000,14.7400,13.8400,14.2300,663315
2011-07-22,14.0800,14.7600,13.9000,14.6200,677664
2011-07-15,14.5500,14.6500,13.9500,14.3000,1204740
2011-07-08,14.0000,14.6400,13.8101,14.5700,1101537
2011-07-01,12.9200,14.0000,12.8336,13.9500,1194011
2011-06-24,12.7500,13.0900,12.6000,12.9700,1009348
2011-06-17,12.3300,12.9900,12.0400,12.7700,1770464
2011-06-10,11.6700,12.4700,11.4700,12.3300,806605
2011-06-03,11.7200,11.8400,11.0100,11.7800,760705
2011-05-27,12.2500,12.5900,10.8500,11.6000,1755736
2011-05-20,13.0700,13.2100,12.3300,12.4000,904617
2011-05-13,12.3500,13.5600,12.2100,13.0400,999197
2011-05-06,12.8300,13.0000,12.1500,12.4000,973385
2011-04-29,13.3400,13.3800,12.6000,12.7800,735116
2011-04-21,13.0900,13.5000,12.7500,13.2900,622362
2011-04-15,13.8600,13.9300,12.8400,13.2700,1405340
2011-04-08,13.2600,14.1900,13.1500,13.7500,2213504
2011-04-01,12.8500,13.2700,12.2350,13.1600,2679674
2011-03-25,12.9000,13.2700,12.8000,12.8500,1058160
2011-03-18,13.6300,13.9900,12.5600,12.8800,2147401
2011-03-11,14.4600,14.5000,13.5000,13.8500,598739
2011-03-04,14.6000,14.7900,13.7200,14.3800,1008705
2011-02-25,15.0400,15.3400,13.7180,14.3900,1506341
2011-02-18,14.7500,15.3100,14.5100,15.2700,3991102
2011-02-11,16.0000,16.0500,14.5100,14.7100,1419271
2011-02-04,15.7000,16.2100,15.2400,16.0000,1881904
2011-01-28,15.9500,16.2900,15.5400,15.6800,1591024
2011-01-21,15.0000,16.9300,15.0000,16.1600,3213517
2011-01-14,15.1000,15.4000,14.6000,15.0500,1363216
2011-01-07,15.4000,16.3200,15.0000,15.2300,1809950
2010-12-31,15.5800,15.6000,14.7800,15.3100,739999
2010-12-23,14.5500,15.6900,14.5100,15.1500,1640363
2010-12-17,15.5000,15.6500,14.2000,14.5700,3332632
2010-12-10,16.6700,17.1000,15.1100,15.4700,4068302
2010-12-03,15.8700,16.9400,15.0200,16.4100,4716546
2010-11-26,15.5500,16.3000,15.0100,15.8800,3162653
2010-11-19,15.1100,15.8800,14.5400,15.3600,2621802
2010-11-12,16.4500,16.4800,15.1201,15.2100,4816974
2010-11-05,13.2000,16.5200,13.1400,16.3400,10836412
2010-10-29,11.6400,15.0900,11.6400,13.0300,9741414
2010-10-22,10.1400,11.4800,9.9200,11.4500,5502808
2010-10-15,10.0500,10.4600,9.8500,10.0100,1384872
2010-10-08,10.1300,10.3000,9.8301,10.1200,1425581
2010-10-01,9.8500,10.2990,9.5750,10.0700,2106589
2010-09-24,9.1100,9.8200,9.1100,9.8100,2550865
2010-09-17,8.8000,9.2500,8.5400,9.1600,2898401
2010-09-10,8.5500,8.9300,8.3600,8.6600,2112330
2010-09-03,7.9600,8.6900,7.6010,8.4800,2269584
2010-08-27,8.6600,8.6800,7.3300,8.0250,4935233
2010-08-20,7.8700,8.9400,7.6300,8.4705,5630988
2010-08-13,7.0000,8.3600,6.8300,7.8200,4761327
2010-08-06,6.4400,7.1400,6.2700,6.9800,7657652
2010-07-30,6.3000,6.4500,6.2300,6.3000,2723433
2010-07-23,6.1200,6.3900,6.0600,6.3000,2430919
2010-07-16,6.4000,6.4000,6.0000,6.0900,2071996
2010-07-09,5.9000,6.4000,5.6550,6.3700,196705
2010-07-02,6.1300,6.1400,5.5400,5.7200,443708
2010-06-25,6.2000,6.3800,6.0700,6.1900,985775
2010-06-18,5.9400,6.2000,5.9000,6.1500,497300
2010-06-11,5.4500,5.9700,5.3200,5.9400,393074
2010-06-04,5.5600,5.8300,5.4400,5.4400,275967
2010-05-28,5.2800,5.5600,5.0500,5.5500,589984
2010-05-21,5.5900,5.9400,4.9200,5.3300,786317
2010-05-14,5.9700,6.1700,5.5200,5.6000,912394
2010-05-07,6.0100,6.2000,4.9100,5.3000,1504179
2010-04-30,6.4000,6.4101,5.9700,5.9900,914211
2010-04-23,6.1200,6.4900,5.9300,6.3700,911545
2010-04-16,6.3200,6.3800,6.0000,6.0700,639867
2010-04-09,5.8500,6.3100,5.8500,6.2800,890664
2010-04-01,6.1900,6.2100,5.7500,5.8300,407235
2010-03-26,5.7900,6.3100,5.7400,6.0800,1240377
2010-03-19,5.3600,5.8400,5.2700,5.7900,1025242
2010-03-12,4.9000,5.3700,4.8775,5.3300,471342
2010-03-05,4.7600,5.1600,4.7600,4.9000,399911
2010-02-26,4.9200,4.9200,4.5300,4.8000,526668
2010-02-19,5.1700,5.1700,4.8000,4.9300,350937
2010-02-12,4.8200,5.1500,4.7500,5.1500,367667
2010-02-05,5.2100,5.3500,4.7500,4.8500,346616
2010-01-29,5.3300,5.3700,5.1500,5.2100,339065
2010-01-22,5.4600,5.6900,5.2500,5.3000,274939
2010-01-15,5.8600,5.8600,5.2100,5.4300,548270
2010-01-08,5.7600,6.0000,5.5000,5.7300,712658
2009-12-31,5.5400,5.8883,5.3300,5.7600,296112
2009-12-24,5.5700,5.6400,5.3000,5.3150,166024
2009-12-18,5.5300,5.8000,5.2100,5.5700,518005
2009-12-11,5.3000,5.6500,5.1500,5.4800,519037
2009-12-04,5.2100,5.5500,5.1500,5.2800,452221
2009-11-27,5.5800,5.8800,5.2500,5.3400,291317
2009-11-20,6.0000,6.0000,5.3900,5.5900,1215684
2009-11-13,5.8900,6.1000,5.5600,5.9000,713485
2009-11-06,5.7700,6.2000,5.6000,5.8800,1227982
2009-10-30,5.5000,6.1800,5.5000,5.8000,1378258
2009-10-23,5.1500,6.0500,5.1400,5.7800,1465043
2009-10-16,5.4300,5.6700,5.1900,5.3100,891051
2009-10-09,4.6100,5.4000,4.4600,5.3000,1990052
2009-10-02,4.0900,5.1000,4.0300,4.6400,930827
2009-09-25,4.2700,4.6200,4.1600,4.2900,498756
2009-09-18,4.2000,4.6600,3.9500,4.5500,1421725
2009-09-11,3.9800,4.2300,3.9300,4.0700,442738
2009-09-04,3.9500,4.2100,3.7300,3.8900,430841
2009-08-28,4.0100,4.1900,3.8600,3.9200,480068
2009-08-21,3.5800,3.9600,3.4600,3.8600,491914
2009-08-14,4.0000,4.0000,3.6000,3.7000,1220141
2009-08-07,3.5100,3.9900,3.5000,3.9400,930285
2009-07-31,3.6100,3.6900,3.3200,3.5600,442210
2009-07-24,3.5800,3.7300,3.3000,3.5400,733371
2009-07-17,3.1300,3.5399,3.1100,3.4900,959299
2009-07-10,3.1000,3.6200,2.9100,3.1800,1368178
2009-07-02,3.1800,3.4400,3.0500,3.2100,1071768
2009-06-26,2.8900,3.2200,2.7100,3.1800,564748
2009-06-19,3.0601,3.0900,2.8600,2.9100,532657
2009-06-12,3.2500,3.3700,3.0218,3.1000,935604
2009-06-05,2.6700,3.3352,2.6700,3.2000,700569
2009-05-29,3.0500,3.0500,2.5900,2.5900,598222
2009-05-22,2.9000,3.3700,2.6600,2.9100,913470
2009-05-15,2.4600,2.8700,2.3600,2.8000,1925034
2009-05-08,1.9000,2.6000,1.9000,2.6000,1795408
2009-05-01,1.8200,1.9300,1.8000,1.9000,350674
2009-04-24,2.0000,2.0300,1.9100,1.9300,759994
2009-04-17,2.0000,2.1100,1.9500,2.0600,984709
2009-04-09,1.8500,2.0000,1.7500,1.9800,1231173
2009-04-03,1.7100,2.0000,1.6000,1.8400,446144
2009-03-27,1.6900,1.8500,1.5600,1.8200,406241
2009-03-20,1.7700,1.8800,1.5500,1.6100,594208
2009-03-13,1.5600,1.9400,1.5600,1.7400,219807
2009-03-06,1.8500,1.8500,1.4000,1.5600,104421
2009-02-27,1.9800,2.0000,1.6400,1.9400,642043
2009-02-20,2.0500,2.1800,1.7500,1.8000,529420
2009-02-13,2.0702,2.1700,1.9600,2.0700,327014
2009-02-06,1.8200,2.1200,1.8000,1.9900,497421
2009-01-30,1.9900,2.1000,1.8300,1.9100,503203
2009-01-23,2.0000,2.5300,1.7000,1.9400,883797
2009-01-16,2.2100,2.4000,1.9000,1.9300,705838
2009-01-09,2.4700,2.5000,2.0600,2.1800,601266
2009-01-02,2.3300,2.4700,2.1500,2.4200,59407
2008-12-26,2.2700,2.3400,1.9500,2.2700,461540
2008-12-19,2.0600,2.3000,2.0500,2.2500,335305
2008-12-12,1.7200,2.1800,1.6100,2.0700,1372995
2008-12-05,1.4600,1.8800,1.4200,1.7600,1333445
2008-11-28,1.6100,2.0500,1.5500,1.9000,1241948
2008-11-21,1.9299,1.9300,1.4100,1.5300,922670
2008-11-14,1.8100,2.0300,1.8100,1.8700,1597510
2008-11-07,1.9700,2.2500,1.7600,1.8000,2241159
2008-10-31,1.8400,2.0000,1.4800,1.7900,2464375
2008-10-24,3.3900,3.4399,1.7000,1.8500,3490533
2008-10-17,3.4500,4.1900,3.0100,3.2600,808570
2008-10-10,4.4300,4.4300,3.0100,3.2000,1149020
2008-10-03,5.0000,5.1000,3.9300,4.7400,1685538
2008-09-26,4.6800,5.2500,4.5500,4.8900,2837155
2008-09-19,4.0600,4.8100,3.4800,4.7900,2167901
2008-09-12,4.7700,4.9000,4.0500,4.1650,653201
2008-09-05,4.8000,5.2700,4.5600,4.6200,709311
2008-08-29,4.3600,4.9300,4.3400,4.8000,688597
2008-08-22,4.6700,4.7100,4.3000,4.4500,646472
2008-08-15,4.4000,4.7000,4.1000,4.6000,792680
2008-08-08,5.0600,5.0900,4.1000,4.2300,1063599
2008-08-01,5.1400,5.1400,4.6900,4.8300,620445
2008-07-25,5.0900,5.4300,4.9700,5.0400,1131832
2008-07-18,4.6400,5.1900,4.4500,5.0500,1275476
2008-07-11,4.9200,5.0500,4.4200,4.7000,675229
2008-07-03,5.0300,5.0800,4.7200,4.8300,536270
2008-06-27,5.5500,5.6000,4.8600,5.0100,874844
2008-06-20,5.1500,5.4700,4.8400,5.4600,786675
2008-06-13,5.1900,5.4300,4.9100,5.0900,960978
2008-06-06,5.2700,5.7100,5.1100,5.2200,1421054
2008-05-30,5.5700,5.7900,5.3200,5.3200,1800099
2008-05-23,5.5800,6.0500,5.5600,5.6100,1339997
2008-05-16,6.0400,6.0500,5.1100,5.5000,3652706
2008-05-09,6.2200,6.3400,5.7100,6.0000,1172148
2008-05-02,6.4300,6.5700,6.0500,6.2800,728148
2008-04-25,6.8500,6.9500,6.1700,6.3400,816443
2008-04-18,6.7500,6.9500,6.6300,6.8700,351424
2008-04-11,6.8100,7.1500,6.7700,6.8300,517759
2008-04-04,6.7400,6.8800,6.5200,6.8000,595919
2008-03-28,6.6700,6.9800,6.5595,6.6900,565173
2008-03-20,6.9400,6.9400,6.4500,6.8000,758636
2008-03-14,7.0900,7.2700,6.7700,6.7900,1462028
2008-03-07,6.9300,7.3500,6.9300,7.0900,1257602
2008-02-29,6.8200,7.5200,6.7300,6.9700,1477142
2008-02-22,6.8600,6.9400,6.5500,6.8400,911777
2008-02-15,6.3900,6.8400,6.3000,6.6900,1113724
2008-02-08,6.4500,6.8400,6.2800,6.4500,1637406
2008-02-01,6.2700,6.6100,6.1000,6.4000,1636026
2008-01-25,6.0300,6.4799,5.7300,6.3200,1285934
2008-01-18,7.2100,7.2700,6.3400,6.3400,1896806
2008-01-11,7.2000,7.3500,6.8600,7.1800,1023191
2008-01-04,7.3700,7.7300,7.0700,7.1400,884521
2007-12-28,7.1800,7.6300,7.1800,7.4700,724950
2007-12-21,7.4300,7.4300,6.9000,7.0800,1437804
2007-12-14,7.7900,8.0000,7.2500,7.3900,838051
2007-12-07,7.2600,7.8500,7.2100,7.7900,1372911
2007-11-30,7.6400,7.7900,7.2000,7.3000,1560547
2007-11-23,7.6300,7.9000,7.4800,7.5400,710882
2007-11-16,7.7100,8.1600,7.4150,7.6300,771049
2007-11-09,7.4800,7.9000,7.4000,7.6700,857400
2007-11-02,7.9400,8.2400,7.5300,7.6400,1444197
2007-10-26,7.6500,8.1600,7.4900,8.0300,839883
2007-10-19,8.0400,8.1100,7.6500,7.7600,565952
2007-10-12,8.1900,8.3200,7.7500,8.0400,1045714
2007-10-05,7.7800,8.3200,7.7800,8.2000,2313835
2007-09-28,7.9400,7.9900,7.6200,7.9200,1001691
2007-09-21,7.7100,8.2800,7.6700,7.8500,1572037
2007-09-14,7.9000,7.9700,7.5400,7.7800,1435348
2007-09-07,8.0600,8.1200,7.7700,7.8600,915174
2007-08-31,8.2700,8.3700,7.4500,8.1400,1256236
2007-08-24,7.5700,8.4900,7.5000,8.3700,1732973
2007-08-17,8.0200,8.3100,6.6000,7.5900,3220714
2007-08-10,8.8000,8.9600,7.7200,7.9200,2480263
2007-08-03,8.9000,9.3100,8.7100,8.8400,1762103
2007-07-27,9.6000,9.8900,8.7500,8.9200,2335843
2007-07-20,9.9400,9.9400,9.4300,9.6000,1267973
2007-07-13,9.4900,9.9500,9.4900,9.8300,760489
2007-07-06,9.5300,10.1300,9.4900,9.5500,1391474
2007-06-29,9.9200,10.0600,9.5000,9.5900,890655
2007-06-22,10.4500,10.5400,9.8900,9.9300,671016
2007-06-15,10.0000,10.4000,9.7700,10.3500,1181307
2007-06-08,10.8900,10.8900,9.9600,10.0000,1132482
2007-06-01,10.3800,10.9000,10.3000,10.8300,875801
2007-05-25,10.7200,10.8500,10.2200,10.2600,813570
2007-05-18,10.0000,10.7900,9.9200,10.7900,2162146
2007-05-11,10.3000,10.4700,9.7100,9.8901,1777949
2007-05-04,10.8300,10.8300,10.2100,10.3700,624321
2007-04-27,11.0300,11.1000,10.4600,10.6400,1273861
2007-04-20,10.7500,11.0200,10.5000,11.0000,1522464
2007-04-13,10.7100,10.9100,9.9200,10.6300,1400074
2007-04-05,10.3800,10.7900,10.3500,10.7100,729581
2007-03-30,10.2300,10.5100,10.1100,10.4200,2901315
2007-03-23,9.4500,10.4400,9.4300,10.3300,2832949
2007-03-16,9.8500,9.9900,9.2900,9.5100,1188410
2007-03-09,9.3800,10.1400,9.2100,9.7900,1532539
2007-03-02,11.1400,11.1400,9.3415,9.6900,1510613
2007-02-23,10.8000,11.1700,10.7100,10.8900,1310247
2007-02-16,9.4100,10.6500,9.2500,10.6200,1485842
2007-02-09,9.4200,9.6500,9.0600,9.5000,1213409
2007-02-02,9.0300,9.3200,8.7400,9.3000,578797
2007-01-26,9.5500,9.5500,8.8200,9.0600,520200
2007-01-19,9.4300,9.8000,9.1100,9.4700,483467
2007-01-12,9.1500,9.4700,8.6200,9.4400,1139924
2007-01-05,9.7400,9.8200,9.1000,9.2500,927690
2006-12-29,9.0200,9.6100,9.0200,9.5600,693867
2006-12-22,8.9500,9.1800,8.2100,8.9600,831721
2006-12-15,8.5301,8.7900,8.4300,8.7100,584096
2006-12-08,7.9400,8.6300,7.9100,8.6100,1576668
2006-12-01,7.8000,8.0700,7.5000,7.8900,995487
2006-11-24,7.7900,7.8500,7.7000,7.7770,452027
2006-11-17,7.6700,7.9600,7.6700,7.8400,1345682
2006-11-10,7.9900,8.0200,7.5100,7.7100,1720035
2006-11-03,7.8000,7.9900,7.6500,7.9000,1095199
2006-10-27,7.1000,8.1000,6.8700,7.7800,1839466
2006-10-20,7.1000,7.1000,6.7500,7.0600,1185391
2006-10-13,6.9000,7.0900,6.7900,6.9700,642775
2006-10-06,6.6000,6.8900,6.4900,6.8800,1015575
2006-09-29,6.5200,6.8600,6.4000,6.5400,328418
2006-09-22,6.7300,6.8900,6.4400,6.5000,422086
2006-09-15,6.2000,6.7600,6.0500,6.6300,989395
2006-09-08,6.0000,6.3180,6.0000,6.2000,557978
2006-09-01,6.1300,6.2600,6.0000,6.1000,297907
2006-08-25,6.0000,6.2700,5.9500,6.2000,1071194
2006-08-18,5.7300,6.0000,5.6000,6.0000,970850
2006-08-11,5.8200,6.0900,5.6500,5.6700,428586
2006-08-04,5.8300,6.0500,5.6000,5.7700,485226
2006-07-28,5.6300,6.0100,5.6300,5.8300,437362
2006-07-21,5.7600,6.0500,5.5100,5.6100,585385
2006-07-14,6.2700,6.2900,5.7100,5.8700,422658
2006-07-07,6.1500,6.3800,5.9400,6.2000,665022
2006-06-30,5.7400,6.3300,5.6500,6.2500,483087
2006-06-23,6.1500,6.1500,5.6900,5.7400,377964
2006-06-16,6.2300,6.2900,5.6000,6.0500,657994
2006-06-09,6.4400,6.5600,6.0500,6.2700,835460
2006-06-02,6.4500,6.6100,6.0300,6.5200,1385718
2006-05-26,6.4800,6.5500,5.7300,6.4000,1783291
2006-05-19,6.8000,6.9000,6.4800,6.4900,1475031
2006-05-12,7.5900,7.6700,6.8000,6.8000,1068845
2006-05-05,7.3500,7.5900,7.0600,7.5500,802140
2006-04-28,7.5400,7.6400,7.2300,7.2800,839981
2006-04-21,7.5500,7.6500,7.3800,7.5500,424348
2006-04-13,7.5900,7.6300,7.3000,7.4700,449312
2006-04-07,7.7500,7.8000,7.5100,7.6500,817574
2006-03-31,7.6800,7.8500,7.4100,7.7100,567341
2006-03-24,7.7300,7.9000,7.4300,7.6900,641414
2006-03-17,7.3500,7.8000,7.2500,7.8000,1100979
2006-03-10,7.5900,7.7900,7.2600,7.3700,2004082
2006-03-03,7.4500,7.6400,7.2200,7.6000,927357
2006-02-24,7.4000,7.5200,7.3000,7.4300,426539
2006-02-17,7.0100,7.5000,7.0100,7.4000,1437782
2006-02-10,7.1400,7.4000,6.9500,7.2200,1038335
2006-02-03,7.0800,7.3900,6.9100,7.1400,1211085
2006-01-27,6.9700,7.0700,6.8700,7.0300,1020602
2006-01-20,7.0600,7.0900,6.9000,7.0100,955700
2006-01-13,7.1100,7.1800,6.8800,7.0500,1092100
2006-01-06,6.9600,7.2800,6.9300,7.0500,1995200
2005-12-30,7.0300,7.1400,6.8700,6.9100,641900
2005-12-23,6.9800,7.1000,6.8000,6.9300,1232400
2005-12-16,7.1700,7.4200,6.8500,6.9800,1600900
2005-12-09,7.1200,7.4500,6.9800,7.3100,1447200
2005-12-02,7.8800,7.8960,7.0500,7.1200,3361500
2005-11-25,8.0800,8.1000,7.8500,7.9500,471300
2005-11-18,7.9400,8.2000,7.7000,8.0000,664300
2005-11-11,8.2200,8.2230,7.8000,7.9500,836300
2005-11-04,7.7400,8.4400,7.5700,8.2200,2917700
2005-10-28,7.7000,7.9300,7.3700,7.5500,1947300
2005-10-21,8.0600,8.0900,7.5700,7.6200,2132000
2005-10-14,8.3400,8.5700,7.5000,7.9900,1724200
2005-10-07,8.6100,8.8300,8.0500,8.5100,2057000
2005-09-30,8.6100,8.7500,8.3800,8.6700,705400
2005-09-23,8.3500,8.7300,8.3200,8.5700,883200
2005-09-16,8.2500,8.4500,7.9680,8.3500,3326300
2005-09-09,8.3700,8.5000,8.1900,8.2700,644400
2005-09-02,8.1900,8.6800,8.1700,8.3200,600100
2005-08-26,8.0000,8.5000,8.0000,8.2100,848400
2005-08-19,8.3600,8.4500,7.8600,7.9700,2139500
2005-08-12,8.7300,8.8100,8.2300,8.3600,1110500
2005-08-05,8.7500,8.9400,8.6000,8.6100,1507800
2005-07-29,8.6300,8.9200,8.5000,8.6600,1424100
2005-07-22,8.5100,8.9100,8.4400,8.6600,1062800
2005-07-15,8.0000,8.6600,7.9600,8.6000,1310300
2005-07-08,7.8300,8.1600,7.6400,8.0400,930500
2005-07-01,8.3000,8.4900,7.7700,7.8400,1624400
2005-06-24,8.4500,8.7300,8.2400,8.3000,532700
2005-06-17,8.2600,8.7800,8.1200,8.4600,1382500
2005-06-10,8.8600,8.8600,8.2700,8.3100,1378800
2005-06-03,8.6400,9.1100,8.6000,8.8650,1432400
2005-05-27,8.1900,8.4800,8.0800,8.4400,757600
2005-05-20,8.0900,8.4000,7.9600,8.0300,1916000
2005-05-13,7.8700,8.3000,7.3500,8.0000,2170900
2005-05-06,7.2900,8.2500,7.2900,7.8300,1694500
2005-04-29,7.3200,7.6500,7.1500,7.3600,654700
2005-04-22,7.1200,7.4900,7.0500,7.4100,1559500
2005-04-15,7.9700,7.9700,6.9500,6.9900,1291700
2005-04-08,7.6300,7.9800,7.5000,7.7900,1278700
2005-04-01,7.3000,7.9400,7.1600,7.7500,2140100
2005-03-24,8.1200,8.1500,7.1700,7.4200,2034700
2005-03-18,8.3300,8.3900,7.7500,8.1100,4075100
2005-03-11,9.5500,9.6300,8.1200,8.3300,4778400
2005-03-04,9.5000,10.1500,9.1000,9.5000,4090900
2005-02-25,9.1000,9.5600,8.8400,9.4300,3498000
2005-02-18,9.4400,9.6000,9.1500,9.2500,3083100
2005-02-11,9.0800,9.5300,8.8200,9.4600,2468500
2005-02-04,8.5400,9.0700,7.8600,9.0500,1655600
2005-01-28,8.3300,8.7700,7.8700,8.6190,817900
2005-01-21,8.1800,8.3900,7.8000,8.1000,728700
2005-01-14,8.2900,8.5200,8.0000,8.3000,1866600
2005-01-07,8.5400,8.7000,7.9500,8.1500,975000
2004-12-31,8.4600,8.7800,8.3000,8.5700,837900
2004-12-23,7.8900,8.4300,7.8700,8.4000,958800
2004-12-17,7.5500,7.8500,7.4000,7.7400,769900
2004-12-10,7.3650,7.6800,6.9500,7.6200,1445100
2004-12-03,6.9200,7.6200,6.7800,7.2900,1592400
2004-11-26,7.2000,7.3500,6.9700,7.0000,1431400
2004-11-19,7.8000,7.8000,7.4000,7.4400,2663800
2004-11-12,8.4600,8.5100,7.5400,7.9000,1977400
2004-11-05,8.2800,8.8800,8.2300,8.5100,3064400
2004-10-29,7.4100,8.4600,7.3800,8.3600,1624200
2004-10-22,7.6500,8.1000,7.3700,7.5800,2890000
2004-10-15,6.5900,7.8400,6.4860,7.6300,5241600
2004-10-08,6.8000,6.9800,6.4300,6.5600,2118100
2004-10-01,6.1400,6.8000,5.9600,6.7400,2513700
2004-09-24,6.0100,6.1900,5.8400,6.1500,2035600
2004-09-17,5.4700,5.9000,5.4400,5.9000,1435800
2004-09-10,5.4800,5.5000,5.1500,5.4100,1127400
2004-09-03,5.0000,5.5000,4.9200,5.3600,1182100
2004-08-27,4.7400,5.0500,4.6800,4.9000,966800
2004-08-20,4.6800,4.8900,4.6300,4.8000,1265600
2004-08-13,5.1200,5.1200,4.6600,4.6800,1478600
2004-08-06,5.1500,5.3500,4.9800,4.9900,474200
2004-07-30,5.3000,5.3300,5.0300,5.1700,434200
2004-07-23,5.3800,5.4900,5.1200,5.3000,717300
2004-07-16,5.5100,5.6400,5.2100,5.2500,2515900
2004-07-09,5.5700,5.6600,5.3800,5.5700,1217600
2004-07-02,5.3300,5.6500,4.9600,5.5400,702300
2004-06-25,5.3700,5.6700,5.1000,5.1200,967100
2004-06-18,5.0400,5.3900,4.7500,5.3800,1099600
2004-06-10,5.4500,5.7890,5.0600,5.1800,743700
2004-06-04,5.6700,5.9200,5.3700,5.4400,907500
2004-05-28,5.4300,5.9500,5.2000,5.6300,1674800
2004-05-21,5.2500,5.4300,4.8000,5.3400,3140600
2004-05-14,6.0500,6.0500,5.1300,5.2900,2845700
2004-05-07,7.5000,7.5000,5.9200,6.0900,2504400
2004-04-30,7.6000,8.1500,7.0100,7.1300,1436900
2004-04-23,8.3900,8.3900,6.9490,7.6800,2032500
2004-04-16,8.4500,8.5000,8.0400,8.1100,445800
2004-04-08,8.6800,8.6800,8.0900,8.3600,583500
2004-04-02,8.4890,8.6800,8.0900,8.2600,887100
2004-03-26,8.7100,8.9000,8.4300,8.5000,1037100
2004-03-19,8.5000,8.8900,8.3500,8.7700,457900
2004-03-12,7.7000,9.0900,7.7000,8.5700,1666800
2004-03-05,8.4000,8.6200,7.6600,7.7600,1105400
2004-02-27,8.1000,8.5500,7.7100,8.2500,1187200
2004-02-20,7.6500,8.0500,7.5100,8.0000,1292200
2004-02-13,7.1800,7.8000,6.6500,7.6300,1960100
2004-02-06,7.6700,7.8500,6.9200,7.0400,1559900
2004-01-30,7.9900,8.5000,7.3100,7.3900,2103000
2004-01-23,8.5700,9.0500,8.0800,8.2000,1797000
2004-01-16,7.6400,8.4900,7.5000,8.4700,1344500
2004-01-09,7.1400,7.6300,6.9500,7.6200,1811500
2004-01-02,6.5200,7.1300,6.4300,7.0900,624500
2003-12-26,6.2400,6.5200,6.1810,6.3900,288000
2003-12-19,6.3800,6.4500,6.0700,6.2500,541700
2003-12-12,6.6000,6.6000,6.0600,6.1300,1001000
2003-12-05,6.2500,6.6390,6.0500,6.4200,1016000
2003-11-28,6.1000,6.2400,5.9510,6.1900,1232400
2003-11-21,5.7500,6.1000,5.3500,6.1000,1141700
2003-11-14,5.9700,6.1000,5.5500,5.9000,942900
2003-11-07,6.2900,6.3000,5.8300,5.9900,1399300
2003-10-31,6.3700,6.4000,5.8000,6.0400,1501800
2003-10-24,5.7800,6.4300,5.6500,6.3100,2526300
2003-10-17,5.4400,5.7800,5.0900,5.7300,2092300
2003-10-10,5.0800,5.5600,4.9500,5.4500,1580000
2003-10-03,4.9000,5.1100,4.6500,5.0300,1661100
2003-09-26,4.7600,5.0400,4.7500,4.8000,587600
2003-09-19,4.8300,5.1700,4.7300,4.7500,2027300
2003-09-12,4.6900,5.2700,4.4500,4.8600,1446600
2003-09-05,4.0500,4.7300,4.0500,4.6800,1283600
2003-08-29,3.7500,4.1710,3.7500,4.0900,873800
2003-08-22,4.3500,4.4000,3.7300,3.9000,665700
2003-08-15,4.3100,4.4800,4.1200,4.2300,489400
2003-08-08,4.1400,4.4200,4.0300,4.4000,780400
2003-08-01,4.2700,4.6700,4.1500,4.1500,821000
2003-07-25,4.1000,4.6000,3.9700,4.3000,1316300
2003-07-18,3.9600,4.2700,3.8100,4.2000,1038600
2003-07-11,4.1900,4.4000,3.7000,3.9600,2060000
2003-07-03,4.1300,4.5000,3.9700,4.1300,1421800
2003-06-27,4.5000,4.7500,3.9400,4.1300,1916500
2003-06-20,4.5200,4.9900,4.4500,4.6200,2356600
2003-06-13,3.6600,4.5500,3.6600,4.5000,4280800
2003-06-06,3.1900,3.7200,3.1000,3.6600,1713700
2003-05-30,3.1800,3.2600,3.0200,3.1300,611800
2003-05-23,2.9100,3.2200,2.7000,3.1000,1591500
2003-05-16,2.9000,2.9500,2.7600,2.9100,1166000
2003-05-09,3.1200,3.1800,2.6900,2.8800,1309700
2003-05-02,3.3000,3.3000,2.8900,3.1200,1429400
2003-04-25,2.9000,3.6400,2.8200,3.3700,2698900
2003-04-17,2.6100,2.9500,2.5600,2.8500,777700
2003-04-11,2.7200,2.8400,2.5000,2.6500,762000
2003-04-04,2.6360,2.7000,2.5000,2.6200,453600
2003-03-28,2.6200,2.9500,2.6000,2.6400,843300
2003-03-21,2.3100,2.7400,2.2700,2.6500,1145600
2003-03-14,2.2700,2.4000,2.1300,2.3700,606400
2003-03-07,2.5100,2.5100,2.2700,2.2800,371900
2003-02-28,2.4500,2.5800,2.4200,2.5400,563900
2003-02-21,2.6000,2.6000,2.3700,2.4600,407600
2003-02-14,2.3100,2.7900,2.3100,2.3700,782900
2003-02-07,2.2100,2.3900,2.2100,2.3000,143100
2003-01-31,2.2800,2.3100,2.1900,2.2200,527600
2003-01-24,2.6600,2.6600,2.2500,2.2600,183100
2003-01-17,2.3500,2.5800,2.2400,2.4000,377100
2003-01-10,2.1800,2.5700,2.1800,2.3600,623800
2003-01-03,2.0300,2.1800,1.9900,2.1800,240900
2002-12-27,1.7600,2.2700,1.7600,2.0200,462200
2002-12-20,1.5400,1.8000,1.3500,1.7700,722800
2002-12-13,0.6900,1.7800,0.6900,1.5410,395600
2002-12-06,0.6900,0.6900,0.6900,0.6900,481700
2002-11-29,0.6900,0.6900,0.6900,0.6900,1242500
2002-11-22,0.6900,0.6900,0.6900,0.6900,1071700
2002-11-15,0.6900,0.6900,0.6900,0.6900,908300
2002-11-08,0.6900,0.6900,0.6900,0.6900,1027200
2002-11-01,0.6900,0.6900,0.6900,0.6900,1195600
2002-10-25,0.6900,0.6900,0.6900,0.6900,1199400
2002-10-18,0.6900,0.6900,0.6900,0.6900,744300
2002-10-11,0.6900,0.6900,0.6900,0.6900,687800
2002-10-04,0.6900,0.6900,0.6900,0.6900,341600
2002-09-27,0.6900,0.6900,0.6900,0.6900,304900
2002-09-20,0.6900,0.6900,0.6900,0.6900,318400
2002-09-13,0.6900,0.6900,0.6900,0.6900,268200
2002-09-06,0.6900,0.6900,0.6900,0.6900,489900
2002-08-30,0.6900,0.6900,0.6900,0.6900,2226000
2002-08-23,0.6900,0.6900,0.6900,0.6900,3385600
2002-08-16,0.6900,0.6900,0.6900,0.6900,133500
2002-08-09,0.6900,0.6900,0.6900,0.6900,172600
2002-08-02,0.6900,0.6900,0.6900,0.6900,355700
2002-07-26,0.6900,0.6900,0.6900,0.6900,921400
2002-07-19,0.6900,0.6900,0.6900,0.6900,815300
2002-07-12,0.6000,0.7300,0.5510,0.6900,721600
2002-07-05,0.5210,0.7200,0.4500,0.5900,927800
2002-06-28,0.4900,0.5800,0.3300,0.5200,1780500
2002-06-21,0.3200,0.7700,0.2200,0.4900,4251500
2002-06-14,0.6000,0.6000,0.3200,0.3225,1740500
2002-06-07,0.9000,0.9200,0.5600,0.6000,546000
2002-05-31,0.8500,0.9900,0.7000,0.9100,274700
2002-05-24,0.9900,0.9900,0.7000,0.8100,418900
2002-05-17,1.1210,1.2000,0.9200,1.0300,252600
2002-05-10,1.3000,1.4100,1.0900,1.1200,452400
2002-05-03,1.3600,1.4100,1.0800,1.2800,997200
2002-04-26,1.2710,1.5500,1.1800,1.3600,283500
2002-04-19,1.2000,1.5400,1.1700,1.2800,2205500
2002-04-12,1.2500,1.3800,1.0700,1.1500,1378300
2002-04-05,1.5000,1.5700,1.1300,1.2500,634300
2002-03-28,1.5000,1.5000,0.9100,1.3300,624200
2002-03-22,1.7700,1.8200,1.4000,1.4000,391400
2002-03-15,1.8800,1.9500,1.6400,1.7400,1012800
2002-03-08,1.8500,1.9900,1.4500,1.8000,2039700
2002-03-01,1.3190,2.2790,1.0200,1.9000,2811500
2002-02-22,1.6000,1.6000,1.0500,1.2400,1768900
2002-02-15,1.8000,1.9100,1.4000,1.6000,3060400
2002-02-08,2.2800,2.4000,1.7300,1.7700,2504900
2002-02-01,2.6000,2.9500,2.1900,2.2700,2397400
2002-01-25,2.5000,3.4700,2.4500,2.6700,2679700
2002-01-18,2.7100,2.8000,2.0000,2.0500,2062900
2002-01-11,3.0000,3.0700,2.7300,2.7300,665900
2002-01-04,3.2500,3.4790,2.9000,2.9800,2463400
2001-12-28,3.1200,3.3400,3.0600,3.2500,523300
2001-12-21,3.6600,3.7500,2.9600,3.1500,1596600
2001-12-14,3.6000,3.7500,3.3800,3.6600,601900
2001-12-07,4.3000,4.8600,3.2200,3.5300,3783500
2001-11-30,4.8500,5.0800,3.8000,3.9100,3495300
2001-11-23,4.9500,4.9800,4.1000,4.6500,2099800
2001-11-16,5.0300,5.1500,4.5500,4.8800,1894300
2001-11-09,4.8500,5.6900,4.7900,4.9600,3605800
2001-11-02,6.0000,6.0500,4.7000,4.8600,4250800
2001-10-26,6.7800,6.9500,6.2500,6.3300,3835000
2001-10-19,5.7500,6.9000,5.6600,6.7500,3470600
2001-10-12,4.9500,5.9800,4.7200,5.7200,2553200
2001-10-05,5.9490,6.0400,4.6600,5.0000,3367000
2001-09-28,5.8700,6.4000,5.7000,5.9500,2673800
2001-09-21,8.5000,8.5000,5.5500,5.7300,4595800
2001-09-10,9.4100,9.4400,9.1000,9.2000,422300
2001-09-07,10.3500,10.4800,9.5100,9.5100,883200
2001-08-31,9.5300,10.5200,9.4000,10.1700,1401500
2001-08-24,10.3500,10.6700,9.3400,9.5300,5014800
2001-08-17,10.9800,11.5200,10.0800,10.3500,5452100
2001-08-10,10.0100,11.3000,9.7500,11.1000,9365100
2001-08-03,10.8000,11.2000,9.5500,10.0800,2432700
2001-07-27,11.9200,11.9800,9.9000,10.3600,6357300
2001-07-20,10.7500,11.9500,10.3000,10.9400,4674000
2001-07-13,12.7700,12.9800,9.5100,10.7500,7280200
2001-07-06,14.6500,14.7000,12.6000,12.7400,2343600
2001-06-29,15.2500,15.6000,14.5100,14.7200,1331000
2001-06-22,15.7500,15.7500,14.9000,14.9000,2762800
2001-06-15,17.2300,17.3000,16.0000,16.0900,1612100
2001-06-08,16.3500,17.4600,16.3500,17.2600,2264100
2001-06-01,16.0500,16.2000,15.5000,16.1800,2169100
2001-05-25,15.8500,16.5000,15.8000,16.0000,737300
2001-05-18,14.8000,16.5000,14.7600,15.9300,1604000
2001-05-11,15.9000,16.5000,14.8400,15.1200,1834800
2001-05-04,15.6000,15.8000,14.6200,15.6200,2732400
2001-04-27,13.6200,15.9000,13.1500,15.7500,5002600
2001-04-20,15.7000,17.0300,13.7500,13.8000,5327400
2001-04-12,15.3800,16.6200,15.3800,16.0600,2173900
2001-04-06,15.1900,15.4400,14.0000,15.3000,3291300
2001-03-30,15.1300,16.3800,14.6300,15.0600,4675400
2001-03-23,15.6900,15.8800,12.6300,14.4400,9300300
2001-03-16,17.6300,17.7500,15.5000,15.6300,2820400
2001-03-09,17.5000,18.5000,17.1900,17.8800,4273300
2001-03-02,16.8800,17.1300,14.7500,15.8800,4181800
2001-02-23,18.5000,18.5000,15.8100,16.9400,2406300
2001-02-16,19.4400,19.6900,18.3100,18.4800,1374500
2001-02-09,19.3800,19.6900,18.8100,19.3100,1077300
2001-02-02,20.1100,20.8800,19.0600,19.3800,2029900
2001-01-26,20.3100,22.1300,19.8100,20.1300,2752500
2001-01-19,18.6400,20.5600,18.6300,20.4400,3674000
2001-01-12,17.2500,19.4400,17.2500,18.6300,3476700
2001-01-05,15.0000,17.4400,14.8100,17.3800,2410900
2000-12-29,15.2500,15.3800,14.8100,14.8100,340600
2000-12-22,14.5000,15.5600,14.3100,15.2500,1189500
2000-12-15,14.3800,15.0000,14.0000,14.1300,1115200
2000-12-08,13.8800,14.5600,13.1900,14.2500,306600
2000-12-01,14.6300,14.8100,13.4200,13.9400,1533900
2000-11-24,13.8800,14.6300,13.7500,14.4400,367600
2000-11-17,14.3800,15.0000,13.9400,14.0000,656100
2000-11-10,14.0600,15.2500,13.4400,14.4400,926300
2000-11-03,13.7500,15.1300,13.6300,14.0000,1607700
2000-10-27,13.3800,14.1300,11.6900,13.9400,1611400
2000-10-20,13.6300,14.0000,12.0000,13.3800,1470200
2000-10-13,14.0000,14.3100,13.3800,13.6300,2526000
2000-10-06,15.0000,15.2500,14.0000,14.1300,568100
2000-09-29,15.3100,15.6300,14.8800,15.0000,419500
2000-09-22,16.3800,16.5000,14.8800,15.0600,1206900
2000-09-15,16.7500,16.8100,16.1300,16.5000,228600
2000-09-08,17.8800,17.8800,16.6900,16.8100,391900
2000-09-01,16.3800,18.1300,16.2500,17.6900,1137300
2000-08-25,15.2500,16.5600,14.9400,16.5000,775000
2000-08-18,15.9400,16.0000,14.5000,15.2500,1120900
2000-08-11,17.2500,17.5600,15.7500,16.0000,804700
2000-08-04,17.5000,18.4400,16.8800,17.2500,410000
